{"result":{"date":"25.08.2017","eur":{"kup":"118.9279","sre":"119.2858","pro":"119.6437"},"usd":{"kup":"100.8035","sre":"101.1068","pro":"101.4101"},"chf":{"kup":"104.4785","sre":"104.7929","pro":"105.1073"},"gbp":{"kup":"129.1432","sre":"129.5318","pro":"129.9204"},"aud":{"kup":"79.6463","sre":"79.886","pro":"80.1257"},"cad":{"kup":"80.5909","sre":"80.8334","pro":"81.0759"},"sek":{"kup":"12.4916","sre":"12.5292","pro":"12.5668"},"dkk":{"kup":"15.9882","sre":"16.0363","pro":"16.0844"},"nok":{"kup":"12.8494","sre":"12.8881","pro":"12.9268"},"jpy":{"kup":"0.919427","sre":"0.922194","pro":"0.924961"},"rub":{"kup":"1.7038","sre":"1.7089","pro":"1.714"},"cny":{"kup":"15.1212","sre":"15.1667","pro":"15.2122"},"hrk":{"kup":"","sre":"16.0821","pro":""},"kwd":{"kup":"","sre":"334.6964","pro":""},"pln":{"kup":"","sre":"27.9836","pro":""},"czk":{"kup":"","sre":"4.5667","pro":""},"huf":{"kup":"","sre":"0.391898","pro":""},"bam":{"kup":"","sre":"60.9899","pro":""}},"code":0,"status":"ok"}